{"sensors": {"Current": {"2022-9-1 17:27:36": 258.66074, "2022-9-1 17:28:12": 33.00421, "2022-9-1 17:28:46": 12.08894, "2022-9-1 17:29:20": 12.65671, "2022-9-1 17:29:54": 14.23547, "2022-9-4 10:25:52": 283.65015, "2022-9-4 10:26:28": 38.52576, "2022-9-4 10:27:3": 22.03471, "2022-9-4 10:27:37": 24.46636, "2022-9-4 10:30:19": 475.39114, "2022-9-4 11:20:41": 220.35176, "2022-9-4 11:21:17": 10.93183, "2022-9-4 11:21:52": 10.58324, "2022-9-4 11:22:27": 11.10587, "2022-9-4 11:23:1": 21.93761, "2022-9-4 11:23:36": 11.93827, "2022-9-4 11:24:11": 10.45333, "2022-9-4 11:24:47": 16.97908, "2022-9-4 11:25:23": 21.53037, "2022-9-4 11:25:58": 13.92626, "2022-9-4 11:26:33": 15.98827}, "Humidity": {"2022-9-1 17:27:36": 39, "2022-9-1 17:28:12": 39, "2022-9-1 17:28:46": 38, "2022-9-1 17:29:20": 38, "2022-9-1 17:29:54": 38, "2022-9-4 10:25:52": 54, "2022-9-4 10:26:28": 54, "2022-9-4 10:27:3": 54, "2022-9-4 10:27:37": 53, "2022-9-4 10:30:19": 53, "2022-9-4 11:20:41": 42, "2022-9-4 11:21:17": 42, "2022-9-4 11:21:52": 42, "2022-9-4 11:22:27": 42, "2022-9-4 11:23:1": 42, "2022-9-4 11:23:36": 42, "2022-9-4 11:24:11": 42, "2022-9-4 11:24:47": 42, "2022-9-4 11:25:23": 42, "2022-9-4 11:25:58": 42, "2022-9-4 11:26:33": 42}, "Temperature": {"2022-9-1 17:27:36": 26.9, "2022-9-1 17:28:12": 27, "2022-9-1 17:28:46": 26.9, "2022-9-1 17:29:20": 26.9, "2022-9-1 17:29:54": 26.9, "2022-9-4 10:25:52": 25.7, "2022-9-4 10:26:28": 25.6, "2022-9-4 10:27:3": 25.6, "2022-9-4 10:27:37": 25.4, "2022-9-4 10:30:19": 25.3, "2022-9-4 11:20:41": 23.2, "2022-9-4 11:21:17": 23.3, "2022-9-4 11:21:52": 23.2, "2022-9-4 11:22:27": 23.3, "2022-9-4 11:23:1": 23.2, "2022-9-4 11:23:36": 23.2, "2022-9-4 11:24:11": 23.2, "2022-9-4 11:24:47": 23.2, "2022-9-4 11:25:23": 23.2, "2022-9-4 11:25:58": 23.2, "2022-9-4 11:26:33": 23.3}, "Volte": {"2022-9-1 17:27:36": 578.75861, "2022-9-1 17:28:12": 79.38535, "2022-9-1 17:28:46": 25.99689, "2022-9-1 17:29:20": 21.48921, "2022-9-1 17:29:54": 22.09599, "2022-9-4 10:25:52": 633.91309, "2022-9-4 10:26:28": 80.08997, "2022-9-4 10:27:3": 35.58702, "2022-9-4 10:27:37": 39.88864, "2022-9-4 10:30:19": 1107.92456, "2022-9-4 11:20:41": 492.50839, "2022-9-4 11:21:17": 25.23482, "2022-9-4 11:21:52": 20.01575, "2022-9-4 11:22:27": 20.51961, "2022-9-4 11:23:1": 32.18786, "2022-9-4 11:23:36": 20.26859, "2022-9-4 11:24:11": 21.97007, "2022-9-4 11:24:47": 25.05593, "2022-9-4 11:25:23": 34.88026, "2022-9-4 11:25:58": 22.34139, "2022-9-4 11:26:33": 26.53885}, "Watts": {"2022-9-1 17:27:36": 149702.125, "2022-9-1 17:28:12": 2620.05078, "2022-9-1 17:28:46": 314.27493, "2022-9-1 17:29:20": 271.98273, "2022-9-1 17:29:54": 314.54672, "2022-9-4 10:25:52": 179809.54688, "2022-9-4 10:26:28": 3085.52686, "2022-9-4 10:27:3": 784.14984, "2022-9-4 10:27:37": 975.92999, "2022-9-4 10:30:19": 526697.5, "2022-9-4 11:20:41": 108525.09375, "2022-9-4 11:21:17": 275.86276, "2022-9-4 11:21:52": 211.83147, "2022-9-4 11:22:27": 227.88808, "2022-9-4 11:23:1": 706.12476, "2022-9-4 11:23:36": 241.97186, "2022-9-4 11:24:11": 229.66035, "2022-9-4 11:24:47": 425.4267, "2022-9-4 11:25:23": 750.98499, "2022-9-4 11:25:58": 311.1319, "2022-9-4 11:26:33": 424.31024}}, "people": {"2022-09-01 17:38:06": 2, "2022-09-04 10:51:04": 0, "2022-09-04 10:51:11": 1, "2022-09-04 10:51:16": 4, "2022-09-04 11:25:04": 4, "2022-09-04 11:25:07": 4, "2022-09-04 11:25:08": 5, "2022-09-04 11:25:10": 4, "2022-09-04 11:25:12": 3, "2022-09-04 11:25:14": 4, "2022-09-04 11:25:16": 4, "2022-09-04 11:25:18": 4, "2022-09-04 11:25:20": 3, "2022-09-04 11:25:22": 3, "2022-09-04 11:25:23": 2, "2022-09-04 11:25:25": 3, "2022-09-04 11:25:27": 5, "2022-09-04 11:25:29": 4, "2022-09-04 11:25:31": 2, "2022-09-04 11:25:33": 4, "2022-09-04 11:25:35": 2, "2022-09-04 11:25:36": 2, "2022-09-04 11:25:38": 4, "2022-09-04 11:25:40": 5, "2022-09-04 11:25:42": 5, "2022-09-04 11:25:44": 6, "2022-09-04 11:25:46": 7, "2022-09-04 11:25:47": 5, "2022-09-04 11:25:49": 5, "2022-09-04 11:25:51": 4, "2022-09-04 11:25:53": 6, "2022-09-04 11:25:55": 6, "2022-09-04 11:25:57": 6, "2022-09-04 11:25:59": 4, "2022-09-04 11:26:01": 5, "2022-09-04 11:26:02": 5, "2022-09-04 11:26:04": 5, "2022-09-04 11:26:06": 5, "2022-09-04 11:26:08": 5, "2022-09-04 11:26:10": 5, "2022-09-04 11:26:12": 6, "2022-09-04 11:26:14": 5, "2022-09-04 11:26:16": 5, "2022-09-04 11:26:18": 4, "2022-09-04 11:26:19": 4, "2022-09-04 11:26:21": 5, "2022-09-04 11:26:23": 6, "2022-09-04 11:26:25": 6, "2022-09-04 11:26:27": 5, "2022-09-04 11:26:29": 6, "2022-09-04 11:26:31": 6, "2022-09-04 11:26:32": 6, "2022-09-04 11:26:34": 6, "2022-09-04 11:26:36": 3, "2022-09-04 11:26:38": 3, "2022-09-04 11:26:40": 4, "2022-09-04 11:26:42": 2, "2022-09-04 11:26:44": 5, "2022-09-04 11:26:45": 4, "2022-09-04 11:26:47": 4, "2022-09-04 11:26:49": 5, "2022-09-04 11:26:51": 6, "2022-09-04 11:26:53": 5, "2022-09-04 11:26:55": 3, "2022-09-04 11:26:57": 5, "2022-09-04 11:26:58": 4, "2022-09-04 11:27:00": 5, "2022-09-04 11:27:02": 5, "2022-09-04 11:27:04": 5, "2022-09-04 11:27:06": 3, "2022-09-04 11:27:08": 6, "2022-09-04 11:27:10": 6, "2022-09-04 11:27:12": 6, "2022-09-04 11:27:14": 4, "2022-09-04 11:27:15": 5, "2022-09-04 11:27:17": 6, "2022-09-04 11:27:19": 4, "2022-09-04 11:27:21": 2, "2022-09-04 11:27:23": 3, "2022-09-04 11:27:25": 5, "2022-09-04 11:27:27": 3, "2022-09-04 11:27:29": 4, "2022-09-04 11:27:30": 0, "2022-09-04 11:27:32": 0, "2022-09-04 11:27:34": 0, "2022-09-04 11:27:36": 1, "2022-09-04 11:27:38": 2, "2022-09-04 11:27:40": 2, "2022-09-04 11:27:42": 1, "2022-09-04 11:27:43": 1, "2022-09-04 11:27:45": 1, "2022-09-04 11:27:47": 1, "2022-09-04 11:27:49": 1, "2022-09-04 11:27:51": 1, "2022-09-04 11:27:53": 1, "2022-09-04 11:27:55": 1, "2022-09-04 11:27:56": 0, "2022-09-04 11:27:58": 1, "2022-09-04 11:28:00": 1, "2022-09-04 11:28:02": 1, "2022-09-04 11:28:04": 1, "2022-09-04 11:28:06": 1, "2022-09-04 11:28:07": 1, "2022-09-04 11:28:09": 1, "2022-09-04 11:28:11": 1, "2022-09-04 11:28:13": 1, "2022-09-04 11:28:15": 1, "2022-09-04 11:28:17": 1, "2022-09-04 11:28:20": 1, "2022-09-04 11:28:22": 1, "2022-09-04 11:28:24": 1, "2022-09-04 11:28:25": 1, "2022-09-04 11:28:27": 1, "2022-09-04 11:28:29": 1, "2022-09-04 11:28:31": 1}}